4790.86,43.65,26.21,85.92,20.12,55.5,84.87,10,10.54,69.11,96.05,23.57,7.56,49.77,3.66,0.21,9.72,34.9,83.83,11.48,59.35,5.45,67.22,0.53,47.52,41.62,74.53,30.02,99.89,97.76,21.85,62.73,8.22,31.2,84.09,82.26,25.03,62.08,44,57.46,31.45,46.98,73.67,85.35,90.04,17.63,37.02,50.95,30.49,39.2,72.64,47.64,49.05,12.48,36.5,63.09,71.96,62.04,24.17,49.5,88.84,67.11,40.54,5.41,8.14,94.07,25.05,19.29,98.37,18.8,34,61.42,31.96,98.86,34.56,10.41,39.76,12.9,9.42,73.73,45.11,25.35,40.2,59.82,70.15,27.06,62.23,70.46,80.99,32.93,68.25,68.05,92.14,31.54,57.55,57.22,84.83,64.91,27.6,53.72
24.22,4282.83,34.86,11.24,36.18,73.54,33.1,25.75,85.56,0.29,97.9,5.46,65.63,70.5,68.74,37.1,12.81,54.65,4.46,87.21,30.27,31.25,1.47,60.07,52.57,19.55,2.86,92.75,42.61,50.96,47.94,19.37,47.38,71.3,91.28,85.72,37.21,33.3,14.64,0.82,64.11,7.02,48.21,3.7,69.86,74.21,1.93,15.36,35.15,30.31,20.93,66.41,38.71,8.72,24.15,0.57,36.33,61.6,49.96,90.27,43.45,47.35,0.25,69.91,61.41,16.48,33.85,74.74,69.85,16.25,19.09,22.34,98.64,83.13,76.7,52.41,79.48,3.05,7.22,11.52,48.89,47.16,29.5,25.21,81.34,13.56,72.97,59.44,19.85,41.55,47.61,10.71,55.81,26.27,75.18,38.09,49.37,82.45,51.25,55.69
71.59,54.53,5543.07,86.35,61,37.86,10.6,75.1,79.71,37.92,29.26,22.19,7.92,14.21,95.98,66.06,48.39,14.02,87.89,29.97,92.8,10.95,34.81,67.36,63.37,46.93,20.39,60.34,85.3,55.4,12.42,72.92,41.76,31.11,59.39,57.65,31.69,54.96,42.55,71.39,56.12,33.7,76.81,48.23,5.12,4.64,49.42,80.84,86.83,76.13,46.82,83.78,9.11,84.22,95.01,74.29,87.78,84.28,57.7,44.62,26.47,35.95,81.29,98.45,85.16,90.39,31.13,28.58,64,85.09,86.57,78.48,84.44,32.34,2.47,4.35,70.72,80.68,89.55,87.59,98.33,18.05,18.22,48.45,0.31,55.24,4.67,26.57,76.69,94.97,65.3,88.96,26.29,59.77,55.84,6.22,64.14,18.67,54.7,89.77
92.73,53.17,52.5,5313.14,68.78,71.35,89.96,69.78,98.88,59.25,28.75,25.68,6.71,96.76,72.28,66.8,62.69,70.73,33.13,2.99,84.26,31.5,81.84,82.59,54.14,77.29,34.65,34.5,10.21,29.43,67.44,81.31,55.16,1.41,68.07,10.75,57.21,50.82,6.8,70.48,9.98,25.02,4.75,83.82,36.89,79.54,74.98,51.53,96.33,57.66,36.03,62.78,51.98,86.09,55.46,19.57,5.44,45.42,69.8,74.85,93.31,83.95,81.28,53.06,8.17,41.04,97.55,79.76,30.15,5.64,80.93,25.61,66.86,70.56,52.84,0.23,91.56,49.41,42.15,38.76,66.82,72.68,23.54,75.33,96.31,27.67,22.62,72.77,36.12,59.61,72.46,16.52,40.34,10.61,22.25,36.13,20.13,44.3,23.85,45.18
44.85,0.19,18.85,80.38,4941.38,78.06,6.54,19.46,33.5,7.71,77.86,28.97,16.61,14.18,48.77,40.03,0.11,51.01,21.84,68.28,84.51,47.69,85.58,88.08,32.83,53.94,10.79,2.75,69.35,55.8,84.68,93.71,51.18,81.39,42.9,93.96,17.09,54.25,71.44,75.39,42.27,80.6,40.44,50.03,85.18,33.81,6.1,60.71,1.5,44.56,55.44,85.67,34.82,5.71,81.35,43.84,89.48,88.2,4.19,66.28,79.29,69.7,37.32,35.44,74.35,71.19,63.63,70.06,5.6,9.18,47.87,24.34,42.77,51.35,31.12,92.78,6.84,80.82,87.49,24.24,34.88,6.98,57.56,0.16,23.87,42.53,51.16,95.77,60.99,44.35,13.26,12.41,96.19,22.01,72.36,79.94,88.99,50.59,3.59,51.64
55.79,43.39,47.04,17.37,87.3,5023.06,79.34,90.03,91.15,37.42,88.03,78.21,46.09,7.58,90.18,99.85,83.36,1.34,16.37,0.77,35.05,12.18,6.78,31.6,52.69,22.66,22.57,75.31,35,40.43,40.15,12.4,8.62,19.05,26.12,20.59,34.45,7.5,58.35,89.43,73.51,85.14,78.32,83.48,70.37,93.88,89.78,65.38,5.7,24.46,38.02,46.91,78.45,60.54,46.38,47.66,66.53,20.08,27.11,35.23,77.32,86.47,64.27,97.12,66.69,71.17,38.16,32.82,8.13,91.76,55.62,9.78,65.1,77.81,85.47,15.57,64.58,77.39,61.61,19.33,4.14,98.99,71.86,97.33,74.72,69.13,54.58,33.16,48.33,49.33,79.53,1.99,61.3,77.83,7.06,73.76,2.66,21.25,23.38,40.47
73.57,35.71,99.17,21.18,76.38,12.71,4711.64,55.25,34.44,70.81,75.3,69.9,19.31,73.72,39.85,70.57,78.88,43.4,81.73,0.63,14.93,13.99,25.2,98.9,81.46,0.28,15.33,56.14,63.45,72.51,71.61,56.54,89.22,57.39,15.51,42.04,96.86,3.24,38.53,95.76,1.35,80.51,24.72,99.7,20.44,23.32,67.27,4.73,86.46,42.65,72.47,18.1,64.59,53.67,29.83,40.88,8.21,19.24,28.23,32.03,66.31,20.24,26.72,17.38,24.33,10.03,74.48,32.31,81.79,40.16,1.72,33.71,9.59,47.08,79.47,71.62,48.92,76.08,30.29,32.88,38.22,40.36,68.95,51.58,17.8,74.79,22.87,22.59,97.24,77.87,24.99,67.91,66.22,41.03,77.48,10.33,59.26,85.41,4.27,50.3
99.4,42.62,85.71,89.29,10.77,10.84,95.33,5138.82,29.48,66.99,46.99,9.36,93.7,50.07,48.73,89.88,16.17,91.4,82.36,66.56,59.1,33.21,43.43,68.13,79.8,36.23,57.97,30.56,16.22,67.46,15.48,69.97,88.17,72.62,69.74,59.49,1.27,31.9,39.17,93.8,4.04,73.04,58.86,36.29,69.16,10.96,60.98,18.5,33.67,43.37,43.81,18.56,40.68,96.36,4.55,39.55,49.92,45.06,1.46,26.32,45.25,32.33,34.58,88.38,54,53.63,63.66,15.77,41.32,97.29,74.93,99.95,24,7.27,70.2,69.3,99,87.09,7.75,68.31,34.14,60.01,44.17,87.85,70.29,87.2,23.02,5.03,33.18,39.3,11.32,44.51,61.9,8.95,79.03,32.29,58.33,20.64,95.9,51.34
75.46,2.4,42.58,34.3,68.79,60.17,63.82,22.35,4873.43,12.63,61.99,71.16,46.71,27.32,90.42,9.73,19.94,2.22,98.54,34.23,74.26,6.74,76.51,51.47,17.83,12.49,10.88,42.05,18.29,48.09,13.14,5.43,30.19,56.35,42.43,99.54,83.42,39.99,84.88,60.03,34.66,30.99,23.09,99.47,95.15,91.55,22.99,65.67,4.87,45.28,58.69,61.46,88.04,26.85,9.5,40.01,85.06,99.28,10.24,78.18,54.94,4.49,9.91,94.83,84.66,84.5,12.11,17.57,75.55,53.32,69.39,30.62,49.64,88.78,41.56,27.15,65.37,71.24,43.97,58.91,29.62,6.08,16.14,37.31,78.69,4.06,86.28,26.79,71.93,5.86,41.81,94.49,31.89,51.88,74.47,95.46,20.1,21.29,76.35,16.6
75.73,68.38,62.5,70.84,61.15,36.55,6.91,88.83,74.71,4911.78,67.58,77.63,41.82,80.34,45.71,46,36.68,3.55,20.05,52.2,32.5,82.07,66.73,41.99,31.75,45.08,91.1,97.68,86.22,95.66,43.56,71.88,65.05,37.49,8.69,7.99,1.45,80.7,16.64,0.46,76.72,77.89,33.33,18.24,66.92,23.4,84.42,30.22,46.6,10.39,38.78,48.68,45.02,86.51,62.58,50.65,20.82,23.64,52.91,65.53,44.1,25.42,11.6,21.62,52.49,2.16,19.1,33.95,93.04,55.21,67.86,93.16,51.23,45.68,47.01,41.5,7.24,24.47,66.34,83.53,13.29,44.89,9.7,62.83,66.24,37.61,15.99,77.82,5.14,49.08,41.09,55.08,80.97,78.87,94.31,41.3,41.68,94.82,51.91,7.47
11.26,82.64,1.36,29.31,18.52,61.26,66.76,76.22,38.01,71.69,5558.17,66.6,47.18,78.37,66.89,30.51,42.08,97.01,0.67,92.46,96.67,48.06,64.71,57.64,84.25,74.86,21.35,92.95,71.72,61.2,5.85,39.31,87.18,92.45,2.2,46.26,32.84,52.92,88.62,60.27,98.42,72.06,61.53,87.34,15.72,24.45,79.66,45.78,24.78,56.4,29.53,83.06,6.9,58.17,95.8,32.4,13.57,93.03,28.12,72.18,20.96,43.18,4.56,56.78,87.19,73.11,20.42,69.71,85.19,37.52,39.42,94.19,33.12,55,24.09,30.47,63.69,38.91,32.37,88.41,84.64,77.28,18.99,75.92,37.62,69.73,40.7,35.17,28.36,79.87,55.49,94.45,78.89,94.33,13.91,85.8,60.68,37.22,89.58,36.82
42.79,62.61,6.28,6.01,94.73,66.36,75.28,75.27,39.93,58.12,60.44,5004.06,46.23,9.58,15.18,76.87,67.75,66.52,85.66,60.81,46.17,86.33,38.94,81.42,57.05,44.01,25.74,48.27,66.88,25.94,77.16,4.1,22,62.11,12.97,23.68,37.3,69.42,25,34.93,64.88,71.78,36.75,70.94,94.98,11.02,87.04,58.2,34.18,11.57,81.04,36.43,64.81,58.81,24.36,84.75,54.28,40.62,98.52,45.65,38.58,14.87,28.05,54.02,50.41,33.26,28.63,65.46,39.29,2.87,98.03,51.06,29.22,77.92,46.13,6.57,51.45,4.77,24.67,73.42,44.95,92.57,93.3,83.1,81.25,28.95,55.7,23.19,23.46,47.99,65.08,89.36,43.04,11.3,69.76,10.93,40.71,57.75,74.88,65.18
61.03,0.95,88.26,41.51,26.22,73.37,52.52,47.14,13.81,78.72,70.53,14.36,4920.2,41.33,4.89,60.1,59.21,42.25,61.58,99.96,8.42,58.23,79.95,18.9,15.94,0.87,91.74,53.79,33.31,32.58,30.35,45.77,32.95,98.19,96.35,58.94,93.6,91.84,49.16,65.45,92.35,48.32,70.21,59.83,88.39,45.12,30.71,93.72,85.78,13.42,46.86,99.93,69.84,37.28,58.46,31.48,80.13,87.54,36.71,41.73,57.62,25.45,11.94,11.14,20.03,76.46,42.26,23.11,32.7,87.81,81.58,17.75,31.91,96.48,18.44,16.7,27.84,48.01,53.03,67.42,46.1,15.39,26.2,19.88,58.14,59.06,10.65,97.07,17.01,47.17,66.62,97.51,38.11,25.14,76.36,30.84,48.34,8.68,22.7,19.87
98.2,24.61,43.13,21.5,50.11,15.2,32.81,12.78,14.47,65.71,70.93,48.69,58.03,5471.83,7.49,72.55,29.42,11.99,24.56,54.23,79.83,15.11,75.16,98.85,42.94,50.87,41.78,85.73,98.69,77.4,0.96,9.1,45.55,62.67,73.97,89.16,55.87,25.76,93.18,86.67,76.21,90.98,68.5,42.29,95.54,81.53,81.12,50.86,96.78,48.15,2.71,69.67,44.69,8.74,86.71,32.94,33.98,54.63,76.96,36.36,8.15,69.32,68.3,23.78,95.93,76.25,73.01,21.23,96.5,98.59,10.92,18.71,99.74,98.13,39.25,8.84,34.73,69.93,85.43,36.86,85.17,75.19,94.1,21.04,18.86,43.35,26.75,73.78,75.13,42.1,38.93,20.86,42.76,28.15,38.13,67.64,89.72,62.14,70.87,79.23
93.92,17.6,84.52,87.99,10.85,83.24,75.76,58.4,9.89,68.63,40.1,52.72,86.69,46.32,5312.94,56.16,19.49,71.27,22.89,82.12,93.62,23.53,14.28,68.46,14.95,46.28,81.68,8.98,44.25,56.87,84.7,2.12,44.84,89.42,5.87,33.51,65.12,89.3,96.46,71.32,40.5,5.48,50.13,98.27,67.17,91.88,68.02,5.68,11.22,85.9,36.17,17.72,36.69,1.85,11.61,68.41,93.56,73.65,59.45,27.64,43.98,19.91,68.66,85.39,90.52,39.32,35.3,26.74,65.24,68.54,41.92,23.43,89.1,53.49,63.38,4.91,83.27,94.8,76.28,1.25,86.37,27.52,77.09,97.22,89.62,55.94,58.45,23.86,71.43,22.26,51.63,97.54,0.68,50.5,39.11,17.11,73.18,33.6,96.24,67.82
91.17,89.9,13.78,82.29,85.7,0.7,41.64,72.3,93.45,69.45,96.92,81.27,89.66,49.03,76.43,5191.29,43.38,26.15,72.07,70.07,95.42,53.8,65.57,56.22,63.41,19.4,60.72,56.29,14.71,50.74,10.3,72.45,10.18,21.6,76.24,55.91,75.08,13.39,16.98,31.74,35.75,88.36,51.9,66.35,67.98,57.86,84.29,89.6,1.08,90.11,30.57,69.48,3.11,1.61,95.17,17.58,93.58,81.18,97.78,90.15,39.34,27.29,32.18,35.77,7.86,37.9,1.81,93.37,58.32,20.66,42.8,79.02,6.05,28.79,37.16,32.36,66.11,57.34,2.46,88.51,12.08,76.55,12.2,21.71,85.59,99.06,64.03,35.37,80,19.66,97.44,3.73,53.92,64.67,9.24,49.79,16.69,14.81,63.93,81.48
61.31,84.73,9.55,68.97,46.18,22.07,27.76,37.05,20.29,71.73,1.54,65.2,6.7,33.45,49.34,95,4944.93,5.51,82.74,81.85,26.78,42.89,84.62,83.89,77.8,17.95,92.49,93.81,47.48,75.51,53.51,82.17,42.71,59.55,95.85,41.35,10.43,53.93,1.73,93.12,12.28,57.69,6.4,76.33,35.06,96.72,91.27,89.67,20.52,95.05,13.23,85.69,36.26,57.5,28.87,30.66,50.78,45.92,71.34,78.65,35.36,20.09,51.51,82.37,14.1,77.05,77.7,99.82,63.85,14.2,90.17,53.13,26.51,68.24,8.97,71.58,3.88,19.82,67.43,2.17,32.73,11.54,0.78,42.64,7.72,69.55,38.26,79.04,32.47,35.88,58.5,36.91,78.39,17.73,58.75,19.16,78.67,74.12,92.32,0.75
15,47.63,66.68,52.93,59.23,95.21,17.85,19.01,47.42,82.67,51.82,29.64,89.44,14.37,61.02,87.97,3.83,5113.58,5.01,76.98,98.12,63.35,47.73,74.08,77.43,75.49,37.93,8.56,46.06,67.45,61.88,72.22,45.26,35.85,12.35,49.28,6.51,73.77,96.63,7.41,21.55,11,36.27,12.23,14.19,54.99,76.11,88.87,63.23,0.13,47.02,28.48,76.9,6.52,38.47,4.12,31.93,54.17,93.87,14.94,63.47,32.91,57.58,66.02,85.26,35.65,20.51,51.09,38.79,79.56,96.28,89.04,9.3,15.71,58.68,77.02,80.67,62.06,95.04,85.05,73.13,1.19,34.05,14.24,21.42,68.34,73.3,53.97,74.3,13.46,98.98,62.42,68.14,57.63,9.21,66.63,28.64,33.87,86.23,56.72
22.37,48.42,58.76,65.69,52.28,93.4,57.04,9.48,96.94,81.56,82.01,64.44,46.27,24.94,79.39,39.46,2.36,9.25,4149.34,42.34,31.62,42.88,82.08,16.29,23.56,30.52,4.47,26.05,56.73,39.57,17.51,4.34,14.3,12.87,54.57,9.9,52.51,57.71,70.83,38.35,11.09,3.1,78.3,32.86,80.03,54.15,7.84,11.86,72.26,85.2,43.42,51.95,68.36,52.13,66.93,10.76,54.05,69.52,75.74,12.06,18.93,21.94,34.49,8.64,19.22,82.77,28.26,69.04,24.18,10.42,17.43,21.3,31.95,37.07,27.2,2.08,5.65,21.03,7.59,71.01,40.23,24.51,5.21,68.48,99.63,9.35,39.4,12.43,25.98,58.65,35.35,49.56,5.27,94.3,0.69,99.62,31.28,29.17,62.18,57.32
78.23,40.48,23.66,4.33,59.01,42.23,49.01,86.66,89.86,6.85,25.66,1.79,36.19,11.44,34.53,84.82,97.72,47.22,26.99,5236.26,50.73,21.76,1.62,57.18,60.55,70.52,2.92,68.01,96.93,48.66,92.31,93.06,22.75,62.76,78.13,89.54,68.99,83.9,49.12,27.18,23.34,23.75,84.2,59.87,71.91,39.75,46.46,22.33,50.88,78.83,58.48,38.06,21.37,17.28,76.63,72.27,62.54,75.43,52.66,15.78,25.29,16.59,38.17,95.84,69.77,6.72,25.88,85.52,0.05,18.87,92.5,52.96,85.44,66.38,3.38,62.48,36.3,15.85,61.7,21.44,59.15,87.39,90.7,7.91,75.84,65.35,35.45,91.35,54.07,41.4,53.27,90.84,29.6,70.88,65.44,7.64,91.83,66.49,77.93,58.62
60.18,76.66,53.1,62.19,41.54,6.67,2.3,64.93,14.01,75.48,36.28,10.56,4.02,22.09,95.62,60.28,57.49,93.64,30.65,76.91,4985.92,30.8,25.47,50.49,75.7,50.55,76.6,81.6,13.86,83.67,97.21,33.23,64.34,90.79,70.82,24.6,50.7,51.37,7.12,26.65,12.02,81.44,18.6,22.28,66.25,19.67,26.67,80.01,9.13,43.88,38.44,94.06,13.21,88.72,98.38,33.07,38.75,54.35,45.43,91.93,23.36,24.08,44.58,55.04,84.8,50.02,89.4,12.95,58.96,90.32,37.24,4.62,31.1,56.8,28.93,38.04,35.5,13.37,32.71,77.94,45.41,13.62,11.63,90.43,60.92,9.19,86.78,43.86,75.81,75.42,35.58,94.71,14.34,15.23,19.53,1.97,92.26,21.1,85.53,86.06
84.74,53.7,34.62,27.27,83.01,78.11,11.21,49.86,53.56,15.19,65.31,94.12,47.33,83,15.45,74.05,94.54,12.32,29.63,79.58,50.97,5226.64,12.59,93.53,40.65,51.22,63.99,58.16,28.1,3.16,82.83,72.49,68.06,79.38,97.69,76,68.4,77.31,46.95,88.21,6.66,79.35,38.89,39.98,22.18,22.85,23.17,82.94,30.42,52.98,15.01,25.46,5.92,34.13,98.05,16.87,79.42,53.4,16.56,66.7,51.6,48.99,39.89,70.91,20.89,91.37,5.54,66.15,86.39,26.16,95.87,97.62,43.49,34.74,58.31,24.44,94,43.23,87.06,29.79,64.56,34.03,83.49,75.88,96.8,62.44,54.98,56.65,35.6,12.89,17.46,54.51,11.96,69.69,73.21,44.54,93.25,88.68,3.54,6.41
66.94,26.54,55.75,28.4,69.12,88.73,33.61,8.28,14.29,96.91,27.1,58.6,62.34,86.55,82.75,52.56,18.36,30.32,27.03,68.2,59.92,80.14,4800.58,99.07,2.33,80.62,63.76,45.9,76.77,30.34,79.62,4.17,27.94,93.39,99.32,86.42,71.7,43.67,76.03,7.18,8.73,26.84,5.75,41.94,14.33,60.84,40.49,85.1,21.66,98.82,45.44,73.44,72.9,60.87,9.77,21.39,30.01,86.4,70.78,13.97,73.48,26.59,62.79,23.72,48.44,75.62,5.55,14.35,48.63,11.25,11.27,1.42,10.37,5,22.78,67.69,36.4,91.64,24.9,57.74,47.34,60.96,88.3,53.38,86.88,8.27,12.96,69.59,53.98,4.29,49.14,92.05,76.4,65.8,46.73,36.77,46.03,16.86,54.54,55.32
31.55,44.08,30.81,39.03,11.1,76.44,4.79,5.32,68.56,0.03,69.96,11.35,38.81,45.96,98.93,42.18,60.4,17.33,26.25,90.46,93.14,93.28,52.9,5343.23,17.81,10.97,28.78,34.83,38.03,83.43,98.06,71.57,44.49,44.74,16.07,71.98,30.69,24.06,2.44,65.91,57.79,42.33,26.8,12.12,78.08,15.97,83.84,87.26,85.07,28.24,28.94,83.74,70.77,81.57,85.11,71.06,29.25,64.46,75.98,22.43,73.62,27.28,52.32,18.54,47.86,67.08,99.5,19.98,78.04,15.46,80.42,65.97,9.04,28.16,96.75,77.54,52.17,88.05,31.65,90.53,78.47,75.17,53.78,88.82,40.79,77.01,44.12,76.85,25.87,95.89,51.32,1.55,20.54,75.99,93.84,43.9,99.81,61.65,21.88,48.83
13.94,69.81,5.11,30.59,5.13,70.47,63.61,13.38,73.38,55.05,1.91,26.03,94.57,82.27,32.78,47.83,51.85,41.34,69.26,89.27,73.43,19.28,34.17,45.8,5166.69,11.69,77.79,62.87,43.66,27.87,56.58,28.7,36.11,25.52,25.48,46.84,72.79,64.2,79.13,52.01,71.67,90.59,61.22,62.86,11.12,75.38,75.67,58.55,18.31,76.71,63.07,10.89,20.32,6.68,65.94,64.82,49.51,26.82,19.03,93.48,22.88,73.89,51.3,49.39,22.39,34.57,94.01,86.56,23.63,57,70.3,66.17,20.48,59.9,17.56,43.51,71.95,27.16,94.34,40.74,20.91,90.49,46.64,91.54,9.88,15.49,67.33,79.09,58.19,56.46,12.76,32.66,63.98,86.68,58.42,69.1,92.6,5.8,61.73,98.57
2.98,61.56,79.89,48.11,4.66,15.59,42.2,71.12,93.86,61.29,10.35,92.2,73.79,49.07,83.86,48.58,19.6,91.78,57.81,40.07,12.01,15.35,15.08,56.53,3.6,4747.48,35.96,72.4,31.85,94.18,50.38,17.23,29.21,21.65,69.22,91,19.56,45.95,62.6,24.42,59.57,16.16,60.05,9.01,35.87,80.59,52.68,20.88,83.32,70.95,78.62,72.83,7.87,77.36,4.61,16.75,32.05,59.34,86.87,33.58,74.41,36.54,33.44,83.91,94.89,8.26,10.02,32.22,98.81,17,38.88,61.5,5.9,46.37,39.63,80.78,6.93,7.21,52.71,92.58,87.98,74.59,19.12,28.86,54.42,66.44,9.2,41.06,16.27,62.32,34.08,64.25,95.55,29.96,32.46,77.21,42.92,15.73,1.13,34.33
85.34,46.74,24.77,9.6,45.61,16.76,42.03,25.4,95.11,15.52,8.11,32.2,13.09,78.56,37.48,14.26,75.61,71.05,97.88,42.21,24.88,33.35,89.33,11.79,36.61,57.27,5167.97,53.62,31.27,74.99,15.55,47.67,33.62,13.66,51.33,38.4,72.23,65.66,88.69,41.95,70.43,33.88,35.28,97.05,56.06,19.61,27.46,64.02,96.18,24.65,95.72,96.97,46.43,54.56,56.74,29.77,15.25,26.71,38.27,66.07,72.61,23.82,99.79,72.24,13.98,44.34,76.5,95.25,64.1,55.53,85.88,61.85,97.23,73.96,97.18,48.86,72.42,17.66,68.27,27.07,37.01,35.38,88.16,49.54,14.27,71.85,46.08,40.66,32.97,85.98,54.82,11.45,45.2,79.86,89.81,42.59,35.82,5.62,91.89,97.56
93.43,43.25,6.17,54.29,40.89,82.89,60.48,67.57,11.98,29.87,42,86.77,30.44,84.38,29.03,61.18,55.54,16.77,80.79,24.63,53.23,55.86,60.06,36.25,49.95,89.98,46.42,5372.38,49.13,86.03,61.89,76.1,96,59.52,28.06,62.85,40.38,26.91,87.87,68.65,89.82,56.17,62.37,20.31,94.69,5.06,51.96,15.21,15.98,59.98,75.35,76.76,70.09,5.69,28.08,10.32,91.09,1.05,89.7,44.22,87.68,79,2.13,89.51,77.37,86.53,30.09,85.85,84.47,66.16,36.48,41.7,96.07,91.3,5.97,19.69,14.63,23.74,65.64,58.44,56.67,80.48,36.45,11.75,49.69,38.28,84.65,35.49,45.13,82.53,73.8,25.28,95.31,91.61,4.95,96.6,16.78,76.56,20.65,50.42
34.09,60.63,22.64,13.69,75.01,58.87,14.06,23.83,86.41,17.62,86.25,65.14,60.77,11.55,85.25,35.19,45.59,70.05,56.25,41.85,78.66,93.9,84.17,18.06,47.93,73.12,29.81,93.69,5058.12,39.78,34.22,15.44,75.65,42.83,34.75,97.2,94.94,20.25,85.68,94.55,45.1,5.22,6.97,80.65,20.06,21.57,86.11,52.1,75.85,66.4,66.1,98.51,74.23,21.77,58.74,95.5,18.45,36.06,25.79,60.19,47.81,87.9,23.62,48.13,93.52,1.15,20.7,24.43,65.16,97.67,31.36,26.61,61.79,13.08,43.63,71.48,30.18,93.78,61.8,68.21,42.97,52.25,48.14,39.51,7.9,75.96,17.92,49.48,92.07,30.79,40.77,68.26,21.98,39.02,10.74,9.15,89.68,23.28,45.79,73.35
18.74,10.82,42.11,40.17,62.2,91.46,88.49,69.49,94.64,47.79,29.49,6.64,5.52,68.88,91.34,36.74,33.29,11.81,20.83,56.63,6.55,81.26,91.05,23.33,97,41.61,43.41,77.67,52.82,5081.72,11.31,57.13,32.75,47,15.65,4.37,62.95,33.41,74.22,62.26,84.43,95.36,90.88,90.4,83.6,25.69,29.05,29.13,29.52,10.67,32.55,2.74,55.03,48.18,13.33,94.46,82.92,2.23,86.44,79.12,16.73,40.53,58.59,83.54,2.59,39.91,83.62,17.13,54.74,80.2,50.8,17.68,23.71,58.66,92.48,80.31,55.59,89,24.84,27.83,75.72,60.82,76.65,65.87,18.07,25.08,21.27,90.97,42.54,42.98,63.6,89.18,94.63,11.71,68.04,66.96,92.74,52.53,32.02,40.02
33.17,47.41,75.6,17.41,69.02,87.65,31.57,49.43,60.14,85.37,4.5,12.17,96.81,67.55,77.42,27.96,55.68,21.31,7.14,87.86,29.3,4.36,8.25,67.88,35.13,98.02,22.52,72.03,75.82,10.73,5196.61,0.79,7.38,10.44,97.47,89.73,88.59,0.42,30.63,85.33,3.9,94.86,3.28,39.87,83.79,69.17,94.65,37.71,24.28,86.73,62.46,42.37,30.93,54.31,21.79,45.33,0.5,76.29,9.31,3.48,27.33,62.28,56.82,71,2.15,43.85,81.4,70.9,49.62,80.61,77.51,7.33,68.71,16.2,95.22,70.68,30.6,23.94,47.92,82.88,72.71,30.74,59.04,66.66,60.22,86.49,96.44,92.12,41.44,99.84,52.55,57.1,78.19,94.26,44.43,76.89,11.49,57.48,28.07,22.68
50.06,67.19,5.38,48.57,65.48,5.88,88.64,67.78,93.32,9.62,98.1,88.11,37.11,59.78,87.64,21.8,42.74,24.49,64.13,18.77,61.66,68.51,12.85,90.22,22.08,54.73,43.01,44.96,99.03,91.45,44.97,5327.1,16.72,26.23,40.61,0.92,34.28,11.59,55.41,78.74,88.18,8.92,90.21,24.07,10.13,82.42,35.86,29.99,87.07,77.96,32.39,78.43,62.63,62.55,74.24,13.4,1.6,7.48,96.11,63.13,0.9,76.73,74.42,31.33,19.77,43.72,98.3,37.73,74.76,69.05,74.68,61.17,13.28,95.59,95.95,6.87,61.05,28.84,45.6,65.75,44.04,13.54,18.27,92.36,92.82,90.54,46.01,22.53,61.48,84.19,69.88,31.87,93.95,88.15,4,94.66,39.01,33.01,63.48,81.55
88.74,31.97,46.94,71.83,71.66,72.19,0.64,67.35,83.51,55.55,40.39,0.62,44.98,4.88,7.45,35.01,58.61,94.72,28.21,17.55,3.01,14.61,93.65,61.75,53.29,36.94,30.64,64.75,98.29,35.43,92.11,51.48,5421.61,46.45,71.03,98.18,30.75,32.57,54.39,89.63,25.73,92.34,90.58,57.92,18.76,89.31,41.38,52.29,51.4,87.43,45.22,28.65,50.84,86.1,16.04,79.46,90.3,48.24,22.06,55.66,25.19,14.43,38.43,15.81,47.7,12.29,22.51,67.9,97.45,65.43,75.22,14.52,85.61,85.29,75.53,16.91,87.92,80.12,74.14,85.89,73.29,24.81,3.13,25.51,30.86,23.91,90.45,99.43,81.43,40.09,67.74,2.19,37.65,47.29,99.52,76.19,78.92,62.39,72.74,90.48
87.45,35.99,96.13,64.29,9.84,42.31,89.25,69.29,8.05,16.23,49.81,66.78,24.29,50.71,72.13,17.64,2.78,53.53,42.22,64.48,44.23,53.87,79.18,73.9,60.53,47.26,20.81,94.24,57.6,0.07,48.93,49.74,51.2,5045.9,33.86,76.27,94.59,11.42,85.81,57.94,77.23,4.01,69.83,99.99,13.32,5.08,59.53,14.44,93.76,23.92,12.86,11.51,70.96,83.46,83.57,39.16,44.26,55.93,39.5,95.63,81.01,67.16,56.93,13.44,66.04,7.97,60.86,28.44,51.89,2.63,90.64,48.81,55.72,37.5,81.69,2.28,61.32,18.75,19.36,81.86,75.66,82.56,4.6,43.3,31.26,67.56,87.14,73.99,76.01,25.55,16.24,17.03,80.9,90.08,10.27,7.16,71.25,63.25,59.08,88.27
17.34,81.41,34.63,65.92,71.08,68.22,64.36,33.79,44.13,24.31,74.17,89.21,47.9,67.97,37.85,2.72,24.59,62.4,7.46,1.89,9.53,18.48,60.15,59.8,91.9,17.88,78.61,79.27,13.27,75.03,8.79,55.13,56.98,7.39,4177.74,78.93,18.39,9.81,30.67,24.92,10.9,25.54,48.54,37.64,17.82,11.08,81.22,38.67,16.09,31.51,56.66,10.34,18.62,16.83,12.39,96.23,51.03,69.47,80.8,0.94,25.39,14.6,36.56,91.53,95.37,31.68,50.94,11.93,80.16,13.12,24.3,66.19,60.04,13.79,34.69,3.78,91.41,51.94,81.52,70.45,8.71,26.5,94.25,10.28,14.51,68.52,76.31,5.79,3.03,65.82,0.27,29.71,12.04,84.16,64.5,53.14,7.19,75.9,15.67,36.49
27.58,79.98,18.65,87.23,57.93,80.53,71.64,97.09,65.55,20.15,49.9,87.58,95.65,88.75,95.32,81.89,55.1,62.22,39.59,83.77,46.61,5.04,50.92,0.38,45.5,73.34,48.67,90.31,52.02,51.8,10.86,44.5,77.98,94.5,9.17,5651.46,12.51,64.4,20.17,93.49,37.57,89.53,92.42,36.41,17.15,51.11,65.4,27.38,7.65,95.56,47.62,26.45,95.1,26.52,81.15,33.04,64.79,26.14,86.93,82.24,70.14,21.54,98.22,66.83,13.53,40.59,40.93,79.96,77.99,66.98,14.92,86.16,5.39,53.3,23.1,4.52,68.84,83.72,7.3,90.91,53.19,32.21,88.43,14.11,91.99,10.38,4.4,61.1,98.11,77.62,83.8,26.94,53.01,20.71,77.59,80.18,68.03,34.55,74.1,74.69
75,86.32,93.91,13.52,46.51,1.9,4.32,30.07,0.02,82.02,36.34,5.61,81.81,54.04,84.05,46.47,56.5,84.79,84.54,2.56,79.26,60.02,15.31,56.77,57.73,74.27,7.08,77.95,32.23,7.04,81.92,48.84,39.27,60.89,0.24,8.7,5088.16,78.22,65.88,3.46,98.53,50.17,51.7,63,32.16,1.24,98.46,70.74,17.52,79.11,49.98,77.74,73.03,86.13,27.93,8.06,14.78,21.11,65.59,81.03,92.63,50.09,8.02,56.05,81.36,47.74,12.37,88.13,49.29,43.96,32.96,94.16,19.34,87.48,81.33,12.91,65.28,25.59,52.88,72.52,76.97,65.47,26.81,67.5,12.99,73.07,88.19,39.61,52.33,13.89,22.6,74.2,2.01,38.33,75.45,70.62,62.07,94.62,83.71,53.9
42.24,63.7,15.83,10.07,58.39,22.72,74.11,22.76,49.94,24.86,39.06,1.43,23.51,89.37,53.96,83.59,96.47,76.15,34.7,23.95,89.97,54.49,14.66,2.45,64.01,28.77,49.65,92.7,18.15,74.54,85.46,55.39,86.97,25.49,94.7,90.36,67.03,5004.4,65.89,59.19,78.94,61.47,23.05,60.91,34.2,18.19,17.47,59.71,94.48,13.25,44.52,12.22,14.12,40.9,60.24,26.93,74.52,5.15,30.14,72.12,98.91,69.5,6.81,13.7,31.17,46.49,74.5,91.98,2.29,84.63,99.16,15.91,25.26,87.35,80.19,67.48,29.01,72.02,61.55,82.4,15.47,28.11,62.31,51.41,43.76,10.09,61.74,69.25,43.7,91.65,69.54,18.4,42.63,39.7,11.17,4.96,47.76,41.08,30.21,74.4
55.71,86.07,78.8,14.75,42.36,79.92,23.42,23.97,75.21,24.2,71.81,47.25,5.24,2.54,12.56,12.47,92.09,91.6,35.66,55.42,62.97,44.48,19.08,8.78,45.09,60.52,14.42,4.03,24.27,96.82,66.65,36.58,22.42,16.67,58.18,44.68,95.74,52.21,4880.08,51.68,41.36,37.17,58.27,68.61,37.25,2.34,30.25,93.59,54.16,97.81,22.77,73.95,99.19,80.88,83.56,72.38,35.07,33.22,13.92,45.35,33.4,22.11,36.62,10.49,54.36,87.11,60.49,95.29,54.85,6.88,30.17,19.64,99.44,63.14,54.79,80.39,24.82,4.81,48.91,87.74,6.77,68.08,98.78,9.12,14.59,55.48,40.94,83.45,62.84,80.64,65.02,91.12,23.37,71.52,20.16,9.16,26.3,81.37,35.62,63.54
32.85,43.16,35.64,54.4,38.8,46.22,72.44,18.32,52.44,50.14,83.73,7.17,79.67,3.8,69.51,39.82,73.56,82.69,28.57,57.99,62.7,68.89,46.63,19.97,85.74,67.37,26.53,29.69,48.56,42.67,44.45,52.79,32.76,33.37,27.04,24.96,66.45,1.01,17.25,4722.7,26.9,92.16,77.3,2.82,12.26,4.44,69.87,0.55,23.93,15.06,45.31,67.29,74.51,35.59,49.02,34.16,66.26,14.65,34.78,43.44,83.52,58.41,31.81,64.7,87.15,58.57,60.46,31.05,19.23,72.94,87.37,23.18,81.21,19.06,49.55,29,55.65,50.08,48.98,16.34,52.18,67.68,27.63,66.51,70.39,13.67,95.82,19.89,6.76,52.43,18.84,86.84,4.41,79.72,77.9,73.47,63.06,11.41,87.66,57.08
47.65,56.27,62.03,61.08,92.87,64.05,27.97,31.14,8.96,0.52,95.64,92,28.13,10.68,26.24,29.28,31.3,31.44,45.75,15.16,50,87.1,33.49,28.96,24.02,38.46,47.89,48.95,72.41,38.87,83.5,61.49,10.46,54.11,82.8,68.76,50.67,6.95,16.53,73.74,4757.66,54.18,6.12,68.82,16.41,47.82,84.37,5.56,23.15,67.95,59.58,40.14,82.44,66.2,29.27,67.99,67.52,21.61,38.25,89.34,25.91,3.91,19.47,75.78,23.08,91.68,39.86,87.33,96.53,84.67,38.34,0.22,22.5,35.76,20.41,76.18,41.59,69.57,96.87,82.73,92.3,39.94,21.53,73,4.72,1.57,7.83,91.42,42.09,19.04,75.06,76.99,94.87,3.71,40.12,21.73,18.41,97.42,16.33,10.15
74.03,97.93,29.86,59.14,79.73,70.17,56.79,11.91,43.47,99.33,60.45,63.01,87.75,53.36,85.96,33.43,20.77,49.27,38.18,57.33,46.31,82.86,32.59,7.95,56.71,45.83,50.54,50.34,1,11.03,74.6,72.29,9.06,26.1,83.99,50.9,15.15,51.52,47.55,46.21,34.72,4837.45,53.52,58.58,84.56,27.98,97.31,7.66,78.51,48.43,1.09,35.14,5.81,19.63,77.97,66.59,20.98,82.41,51.75,33.8,34.68,33.82,6.34,23.22,71.36,90.92,0.76,99.72,39.67,30.38,99.86,4.97,55.76,10.04,28.2,59.95,52.74,18.63,59.03,86.81,78.73,83.4,29.44,48.41,19.62,19.11,43.95,19.19,70.28,7.03,95.02,39.9,11.77,40.13,81.06,22.84,61.37,63.83,17.07,38.74
67.01,36.78,9.82,48.85,21.99,54.59,94.6,58.05,89.28,88.37,66.58,64.43,26.26,37.81,77.11,31.49,36.81,36.02,12.13,84.77,43.34,23.13,62.33,74.94,2.97,56.84,21.24,90.28,26.07,13.18,5.07,71.23,64.38,3.93,46.59,79.74,80.52,4.22,34.31,43.89,88.46,10.11,4780.13,20.37,25.38,60.47,87.16,11.83,17.1,74.61,40.3,96.55,64.96,17.9,61.4,9,97.49,52.65,62.21,35.74,24.5,72.09,16.03,59.63,8.2,90.89,67.31,35.68,27.39,80.73,73.87,72.31,14.16,6.45,75.69,77.44,34.54,89.05,29.38,35.94,14.23,48.94,43.52,21.67,50.46,21,43.64,91.04,63.57,26.87,71.46,55.35,65.62,63.8,15.79,35.89,43.07,28.39,79.1,10.16
72.1,99.51,20.67,84.35,41.29,6.47,2.8,56,57.31,91.06,77.77,32.89,16.9,28.42,26.19,0.32,53.21,62.74,48.76,0.09,15.63,47.09,54.9,67.07,95.09,71.11,49.24,66.79,94.51,61.57,78.15,9.66,6.75,54.97,14.32,51.13,2.9,99.3,92.41,74.67,6.21,31.34,74.34,5012.88,6.46,43.94,29.34,44.24,5.84,70.08,69.68,70.55,48.04,12.31,90.44,42.96,79.05,12.73,70.65,63.64,12.38,80.45,88.22,46.34,12.61,82.22,10.17,58.51,42.4,10.1,30.77,50.05,60.36,72.67,86.99,47.53,22.15,99.75,56.91,94.67,45.7,60.12,16.28,8.09,86.5,42.01,23.47,15.22,69.95,50.12,41.46,94.38,68.11,99.14,45.21,12.72,2.77,2.6,44.6,63.73
8.91,25.81,19.76,42.84,18.28,71.55,69.38,88.55,85.32,41.28,60.65,81.16,41.05,88.1,52.83,75.09,55.34,83.39,57.83,28.45,50.28,27.24,47.36,32.12,44.72,51.12,56.01,53.07,52.76,2.64,64.8,5.67,63.46,31.47,81.62,80.47,95.99,55.82,5.58,11.95,88.56,58.78,39.54,41.1,4911.87,75.05,21.09,46.56,27.47,26.62,73.7,8.34,32.6,39.05,93,6.62,57.52,56.89,38.1,13.74,90.83,96.29,13.8,80.87,82.7,18.02,19.8,88.71,39.39,86.94,68.87,37.03,70.42,50.36,39.88,44.2,45.05,43.68,95.34,6.63,57.02,71.13,47.68,54.87,90.23,27.61,1.69,90.51,3.06,57.51,83.92,18.03,9.27,83.81,29.65,37.78,3.32,48.22,11.74,43.82
0.04,53.77,23.88,91.22,90.01,1.74,90.93,1.33,80.94,82.5,86.96,7.93,25.8,45.81,26.96,73.24,50.85,12.57,96.41,58.97,87.38,49.75,46.65,4.78,39.28,12.34,81.59,6.65,82.3,48.29,25.63,25.65,1.95,89.13,6.44,44.9,69.09,3.92,19.74,94.42,54.26,62.94,57.23,12.54,29.37,4868.63,97.94,92.13,37.29,52.34,27.8,49.58,67.73,85.23,30.03,81.65,32.92,51.79,46.5,84.01,12.45,55.12,66.27,80.54,20.26,3.79,42.69,61.14,31.15,55.3,25.1,85.28,69.82,39.6,58.7,38.69,22.1,20.2,34.91,74.73,11.23,20.99,58.26,34.39,4.09,85.76,74.9,13.19,91.19,38.85,68.62,76.53,50.77,93.57,39.08,28.76,83.26,0.26,16.01,34.52
45.51,38.66,79.41,80.86,57.68,22.96,80.69,91.16,49.3,71.4,5.28,56.52,43.26,71.9,30.87,79.97,2,20.5,52.62,20.55,80.05,85.57,97.28,62.38,23.26,38.36,31.46,38.97,68.29,53.95,74.97,42.02,28.6,56.68,39.38,95.12,74.81,6.42,94.75,29.07,37.18,78.17,80.37,77.55,18.55,68.68,5175.65,95.35,31.94,91.86,34.51,37.74,97.87,13.16,72.05,51.24,17.2,68.98,61.51,60.16,72.8,33.91,7.79,25.7,46.11,62.1,49.17,31.21,68.83,0.45,15.38,76.82,20.84,82.23,99.8,60.64,3.74,37.59,71.71,26.39,54.46,4.68,91.14,86.82,67.23,82.35,66.74,30.3,77.33,60.42,39.58,5.35,42.6,35.73,83.03,63.11,67.14,26.33,25.77,7.53
85.4,91.91,39.66,9.69,74.64,34.29,1.14,68.6,70.27,75.64,53.5,81.96,63.32,26.76,84.4,56.1,0.17,18.66,38.7,77.04,98.17,93.08,59.75,19.25,41.71,28.53,12.33,54.27,89.94,51.44,55.96,28.82,57.09,19.92,88.81,94.2,12.68,45.29,6.73,90.78,30.04,11.5,68.73,14.68,96.16,31.09,60.29,5545.28,50.69,99.26,32.65,5.82,98.7,91.62,33.94,55.14,42.07,33.99,80.06,48.31,93.19,10.29,58.04,59.12,56.99,30.4,82.09,87.05,22.32,83.28,66.91,27.86,24.19,29.89,78.29,60.74,68.94,24.53,73.6,37.67,3.94,72.72,79.5,26.04,79.85,6.09,92.69,82.99,42.86,76.49,94.29,64.64,34.6,53.22,87.08,99.41,71.02,28.54,86.05,93.77
73.64,52.78,0.8,16.31,33.27,44.93,10.12,64.72,30.97,3,64.33,27.49,70.1,41.57,98.28,17.39,25.67,90.81,58,77,67.39,91.48,99.66,72.96,53.99,39.65,44.77,92.91,63.16,63.21,92.15,46.68,62.15,8.41,16.38,66.21,68.49,4.13,83.05,15.34,18.09,8.76,93.36,56.09,27.77,73.02,17.71,60.2,5104.48,2.83,51.17,6,13.24,8.67,9.46,16.96,89.5,54.22,31.88,64.83,53.28,76.59,15.07,17.35,94.13,61.54,17.93,64.15,99.98,32.09,83.7,77.06,73.98,71.76,71.45,33.84,94.36,32.27,33.05,13.1,31.37,43.79,92.17,97.71,76.02,54.03,50.31,97.85,44.87,20.4,64.23,2.85,85.49,15.04,4.7,12.75,82.71,50.53,61.91,79.78
22.92,64.84,63.52,94.11,32.74,96.25,4.58,8.54,81.77,17.59,22.29,99.22,94.85,35.55,15.37,25.24,85.22,27.99,3.26,32.26,61.98,1.98,21.43,88.8,8.59,87.73,84.93,41.31,49.61,97.02,90.72,90.99,10.62,83.68,22.4,48.2,68.81,52.77,34.42,1.06,35.81,16.02,89.07,26.7,15.6,53.46,36.09,56.13,82.31,5250.64,94.52,78.44,82.87,55.51,93.09,45.73,43.33,83.34,50.23,97.7,93.5,95.28,23.69,28.37,0.81,93.47,23.8,26.55,92.9,19.15,45.69,97.98,52.04,99.23,54.32,86.61,11.72,76.04,52.99,73.63,92.72,13.41,2.51,24.7,17.67,54.62,70.11,45.86,39.43,50.24,63.72,27.72,15.26,96.42,69.62,53.02,92.98,75.12,41.18,43.73
78.24,60.85,46.2,30.26,17.14,8.3,86.12,65.49,21.93,48.61,68.7,82.04,8.4,84.06,45.38,20.74,44.78,68.8,43.8,36.07,42.47,87.55,1.48,45.24,16.51,35.52,2.11,45.76,81.61,55.95,52.8,22.27,97.1,48.36,59.86,53.37,72.81,32.69,61.86,42.99,96.43,55.99,59.3,46.36,46.57,98.39,11.73,56.41,95.86,75.57,4799.74,90.6,8.52,63.49,52.7,47.07,29.85,63.18,24.48,70.35,46.12,4.84,27.31,2.03,64.95,23.81,14.98,53.89,69.46,82.54,79.25,40.56,52.42,22.44,24.95,16.1,24.68,18.25,19.54,49.84,22.16,42.85,55.78,18.96,63.03,60.56,87.57,94.79,40.96,78.16,61.33,51.83,84.27,78.28,45.89,3.4,19.95,41.19,20.92,49.09
10.99,80.5,65.21,10.72,97.36,6.61,66.08,58.15,95.52,44.29,41.88,47.06,2.61,28.03,48.82,77.84,82.68,78.42,12.1,53.45,54.93,43.69,98.73,1.88,15.02,95.7,58.09,37.06,81.93,84.02,91.79,88.86,71.77,15.62,34.35,67.34,69.64,95.81,29.18,41.87,9.26,57.19,53.18,31.7,63.1,45.57,36.88,65.85,62.16,89.76,13.76,5310.02,75.36,25.11,72.08,68.85,40.6,96.77,22.93,19.39,55.45,36.53,68.64,3.07,47.88,96.61,64.35,50.01,57.76,37.33,19.99,83.64,76.8,4.45,82.97,89.59,14.04,26.02,63.55,11.4,38.77,29.56,59.72,57.57,7.74,65.15,97.77,20.01,73.36,3.98,58.64,79.28,4.26,11.65,90.19,99.11,74.63,83.25,17.45,38.41
83.18,75.32,88.97,47.95,89.08,86.76,3.51,77.88,16.08,0.97,3.85,80.32,29.54,81.8,84,25.34,82.25,87.01,57.43,39.62,83.23,12.79,61.34,72.14,11.01,9.09,47.49,44.94,38.23,93.61,23.96,30.08,62.88,31.83,89.85,28.31,7.54,59.66,44.75,77.72,69,12.05,91.73,56.36,10.01,56.9,35.39,14.14,9.76,54.91,67.83,29.84,5066.68,63.05,38.15,48.4,82.13,21.08,94.78,80.58,48.53,24.75,37.97,30.89,46.54,59.22,2.14,16.26,3.44,71.42,98.79,46.39,63.88,22.05,62.52,12.62,49.45,66.05,18.18,62.81,49.38,91.85,65.65,16.35,96.96,8.99,13.73,87.84,49.46,30.33,91.32,83.35,6.24,98.83,89.35,37.2,44.79,98.4,45,21.14
87.94,18.64,43.93,63.53,82.46,66.12,56.43,74.58,25.64,45.15,64.94,90.94,84.08,17.89,88.65,15.75,98.49,96.68,99.31,5.05,82.65,44.42,13.43,16.36,41.45,78.35,8.31,66.61,9.22,5.2,97.59,54.92,25.31,43.55,72.54,46.48,60.62,3.64,29.41,71.21,18.14,3.62,99.92,56.57,41.49,55.31,22.86,67.49,19.52,46.7,80.1,30.58,71.28,5120.22,77.68,37.38,15.4,69.14,64.52,6.14,52.08,78.76,2.49,4.9,95.14,96.38,85.63,38.32,82.84,93.24,59.37,50.79,68.47,48.78,67.21,65.73,84.3,67.77,49.82,72.32,55.58,72.84,30.45,22.56,35.98,65.5,3.23,4.63,70.89,26.66,28.74,48.35,63.89,58.89,36.05,9.41,38.59,21.59,58.72,78.98
88.85,82.39,68.23,76.45,32.06,63.26,94.04,44.91,82.18,2.25,55.09,80.35,34.36,10.98,27.88,0.85,89.47,46.52,64.06,96.9,59.17,9.02,59.93,13.65,2.96,73.58,59.91,11.9,75.37,66.03,5.33,90.12,1.84,41.98,66.09,73.91,84.96,23.35,58.9,48.48,76.88,52.09,21.45,80.21,29.14,12.93,64.47,92.22,35.61,14.89,52.26,61.39,65.41,72.95,5108.55,7.51,23.99,4.82,81.66,80.07,67.84,80.26,79.79,38.05,64.85,86.58,20.22,56.75,84.31,15.3,50.21,79.7,38.62,27.41,48.46,53.71,49.76,76.95,94.23,7.96,54.41,65.34,97.08,28.38,15.82,40.92,14.84,24.1,51.19,23.31,60.59,34.98,26.49,19.96,96.15,31.59,58.11,73.5,57.36,59.28
51.57,44.07,34.15,74.7,92.76,25.78,11.53,6.06,27,3.21,42.06,19.58,82,44.28,12.82,7.37,42.44,13.59,2.1,8.86,31.02,62.02,40.08,90.55,86.79,82.62,50.51,20.56,64.24,17.18,96.58,49.18,32.52,33.25,68.75,78.78,65.23,15.93,27.82,45.97,65.81,45.4,51.42,40.33,74.39,50.91,33.53,40.95,63.51,95.41,8.18,73.82,13.87,38.9,50.15,4679.94,47.24,94.95,22.36,87.12,34.02,25.6,51.97,22.54,92.54,18.38,75.97,35.16,91.39,98.68,67.65,76.32,34.43,24.69,35.9,49.35,41.83,65.83,56.92,99.27,8.44,30.12,56.26,61.19,50.83,76.09,9.56,62.01,86.15,0.1,25.12,48.03,27.74,83.22,74.78,43.62,10.36,12.21,76.41,13.68
97.92,90.05,31.07,13.3,12.8,93.29,4.07,6.04,0.61,15.58,34.64,27.81,47.98,88.06,45.27,46.79,20.75,7.94,21.96,90.38,45.88,85.65,13.2,40.84,14.72,65.33,28.98,43.21,56.23,19,27.14,57.53,82.76,39.14,75.34,20.49,27.23,14.99,82.05,91.29,18.35,23.16,22.81,9.03,2.57,63.59,28.35,14.96,7.28,36.08,81.71,40.45,1.51,69.89,13.88,77.47,4423.14,20.14,82.47,57.15,60.32,52.87,28.91,82.96,61.44,95.18,85.83,40.06,57.24,13.06,26.77,37.26,8.1,31.08,70.75,41.69,8.38,64.68,29.91,32.28,82.21,43.17,79.07,67.7,89.23,93.33,100,49.71,4.71,13.13,59.73,14.88,94.47,5.37,41.14,89.56,2.38,0.18,1.4,87.72
80.4,6.43,61.63,13.02,57.72,77.1,39.24,87.52,78.34,7.82,85.82,59.42,16.74,17.16,77.19,23.29,33.48,4.31,86.31,52.46,93.27,45.56,11.89,96.51,52.59,66.14,92.56,2.48,0.51,47.58,2.55,72.98,47.28,25.5,99.24,85.13,34.25,68.92,51.74,32.01,42.38,46.53,18.13,21.28,30.37,58.82,67.06,98.84,99.57,22.23,37.43,90.68,77.53,46.25,60.8,30.13,89.39,5109.64,37.12,67.67,97.63,31.71,39.13,48.6,73.71,41.37,62.12,11.64,54.09,3.67,72.89,82.2,25.44,62.62,27.5,67.12,14.05,92.44,57.87,47.6,7.8,79.63,89.11,12.52,16.57,2.69,82.6,63.42,34.85,98.08,35.67,47.27,42.17,32.13,78.53,30.85,31.92,31.16,18.95,35.72
86.19,37.6,14.17,30.11,59.68,76.67,15.96,70.86,35.31,88.24,38.92,41.21,70.59,21.72,13.96,92.21,21.34,28.89,94.44,31.31,22.49,46.44,88.09,34.92,91.02,65.99,48.12,52.37,39.77,94.77,98.14,86.36,10.78,11.7,4.48,43.12,48.25,36.32,99.65,19.5,16.95,95.27,27.68,1.39,37.23,65.29,50.57,20.46,46.96,20.58,40.04,28.04,28.85,29.11,14.74,1.64,81.97,60.21,4728.52,31.29,93.1,6.35,39.15,75.02,72.39,56.45,26.97,40.81,40.22,49.7,71.37,44.18,56.7,64.08,47.11,97.84,56.59,38,36.57,55.73,59.64,34.21,33.57,84.03,18.68,82.32,30,20.27,61.77,20.47,59.41,26.01,41.84,51.87,75.94,56.28,44.05,75.25,16.81,46.4
52.85,15.05,38.6,62.29,27.85,92.27,22.14,89.12,77.08,42.72,8.66,58.92,20.18,70.54,93.82,96.83,53.08,80.74,17.7,6.96,36.38,25.85,49.99,14.86,9.67,51.59,56.83,90.86,57.44,29.33,19.75,92.38,12.65,41.12,79.3,64.32,54.1,52.67,98.44,56.6,53.76,31.56,69.33,93.67,50.58,81.95,64.54,31.78,44.82,88.07,95.57,3.95,71.82,92.25,25.18,47.8,63.44,61.71,17.42,5317.27,0.74,99.46,65.54,90.1,50.2,27.53,39.56,67.54,89.38,86.21,25.96,49.52,80.04,7.44,53.48,63.3,26.11,94.91,84.81,18.37,88.12,42.14,41.72,98.32,84.58,61.64,59.07,20.11,95.06,63.86,7.34,87.31,66.32,88.31,10.4,30.46,5.76,12.83,60.41,16.5
99.13,53.88,57.41,2.41,41.86,4.39,3.96,28.52,27.13,14.73,20.38,55.43,9.65,18.79,56.95,80.72,13.6,51.84,28.43,33.9,32.87,83.21,96.85,25.33,25.71,54.78,65.22,88.6,11.15,7.2,16.89,49.44,18.11,50.64,96.79,35.08,97.91,64.73,94.02,64.92,76.05,24.11,54.12,78.14,20.53,69.94,70.32,95.51,55.52,61.27,19.41,45.85,46.87,7.15,40.86,99.49,75.07,48.74,84.49,30.16,5008.56,73.41,44.11,53.25,95.45,13.01,82.85,57.59,59.59,38.24,3.17,4.98,27.75,27.57,92.24,98,1.68,8.48,4.24,25.86,16.47,87.4,97.34,24.41,21.97,52.47,18.83,91.21,96.09,96.73,80.75,47.77,28.51,87.71,74.84,30.98,65.36,73.32,61.52,70.63
77.22,59.27,58.79,73.61,38.45,67.3,95.48,65.39,25.22,65.58,6.29,32.04,39.07,3.86,90.24,48.49,76.17,90.14,7.42,42.42,76.39,51.02,43.53,12.66,0.89,47.56,53.57,25.32,89.17,64.41,1.04,45.37,21.19,3.31,46.9,36.85,31.72,94.28,62.56,19.73,69.2,17.69,59.94,1.8,23.44,62.92,55.61,84.24,0.49,3.84,32.25,24.4,24.38,92.79,47.39,0.6,98.34,34.32,15.54,57.06,0.06,4742.21,10.31,81.02,24.21,58.06,72.59,36.66,85.64,43.71,83.63,20.6,55.77,66.64,76.42,33.02,37.46,92.65,71.04,5.96,52,71.22,41.11,13.5,78.2,36.52,98.21,89.45,18.42,5.47,52.3,47.46,4.53,24.97,93.38,8.55,96.74,56.34,78.55,49.4
70.85,64.87,6.6,77.75,69.65,92.03,64.16,27.19,45.52,5.57,8.89,47.23,59.84,91.33,38.72,75.47,20.63,59.29,2.7,86.24,47.78,20.28,38.68,16.13,3.42,41.97,37.63,9.14,95.92,61.78,88.7,99.58,85.45,54.66,59.5,73.28,28.61,41.26,43.91,59.89,24.74,36.59,0.4,99.87,7.4,36.15,78.6,99.91,19.86,18.43,42.52,2.91,3.57,96.03,49.63,94.08,45.47,74.15,63.77,0.54,65.11,72.6,5208.93,32.67,70.79,51.26,78.26,48,32.32,38.99,47.12,75.75,74.07,5.99,47.1,12.36,3.41,79.2,27.17,72.73,88.9,51.67,68.39,80.85,23.55,76.75,99.08,28,81.13,79.49,28.83,66.13,93.89,51,72.33,4.93,14.5,83.17,75.4,14.08
34.11,9.28,45.01,73.45,10.51,0.83,47.45,68.86,95.96,73.94,68,54.21,78.81,6.94,18.12,81.17,11.47,98.5,20.76,39.36,91.01,63.19,74.04,39.47,23.5,92.4,25.72,92.47,65.98,77.2,11.43,45.99,5.49,42.3,24.35,9.34,5.17,86.54,73.81,71.07,20.97,17.99,1.52,85.48,83.97,54.77,29.82,7.09,55.36,57.29,24.98,45.72,33.78,58.07,81.78,60.73,51.92,15.32,51.46,92.84,40.58,51.04,70.69,5087.61,54.84,6.31,52.4,52.12,53.55,93.44,40.42,92.67,60.78,58.1,73.27,88.33,37.58,29.9,38.48,67.72,91.97,60.39,84.39,17.3,80.66,18.08,96.27,18.2,60.5,78.1,33.32,68.37,35.25,37.95,18.49,26.4,67.4,99.37,40.73,26.18
11.88,92.88,38.5,96.39,26.17,40.83,45.94,30.68,57.01,39.22,51.99,90.56,95.4,4.43,40.75,15.95,43.1,44.67,48.19,91.25,99.67,79.81,29.59,40.55,26.6,25.3,17.97,81.74,61.09,98.89,87.95,30.2,16.42,54.8,59.56,96.88,78.46,69.75,70.24,12.46,85.75,36.79,16.19,33.54,26.63,34.37,24.14,20,75.26,99.29,74.13,85.55,36.65,63.97,16.79,40.57,11.04,38.49,74.46,85.95,76.57,87.77,17.87,87,5367.29,8.75,3.19,80.63,29.04,79.37,80.02,96.22,2.04,52.89,49.67,73.69,53.58,43.59,57.2,36.87,88.32,44.33,87.44,99.18,30.61,38.55,58.34,98.35,45.64,11.82,65.78,89.46,93.23,7.57,17.04,50.18,74.95,8.01,14.49,80.76
82.16,82.95,4.23,15.5,98.43,37.89,52.11,84.86,17.91,31.63,38.61,95.68,85.86,28.19,98.41,54.34,51.65,98.16,62.35,36.92,38.37,47.71,77.71,75.23,94.17,23,29.23,26.09,41.24,9.64,79.15,18.53,59.79,73.85,80.23,74.57,36.1,25.93,21.16,3.47,6.79,56.44,97.32,74.87,36.95,62.96,88.58,38.19,87.83,5.25,79.17,49.59,31.8,3.35,90.34,22.3,24.23,61.23,17.24,70.97,17.74,32.45,40.52,49.6,86.7,5238.92,52.14,1.44,15.29,2.95,63.92,57.84,10.7,84.48,34.1,62.72,51.43,47.5,86.43,50.25,21.15,2.43,95.08,86.85,98.65,83.04,92.28,91.23,91.57,59.11,70.66,22.73,2.26,8.43,2.06,70.22,43.87,37.53,85.77,42.93
23.23,64.39,85.5,0.14,63.68,99.53,9.23,49.53,42.95,81.47,24.76,8.53,11.05,43.08,31.52,80.09,37.98,71.54,67.47,55.02,4.99,25.89,40.51,75.59,21.81,76.79,92.43,30.73,39.1,52.39,12.77,10.87,41.22,88.63,14.31,81.32,44.02,66.48,88.54,41.39,22.22,95.83,85.94,31.76,57.25,58.36,85.97,9.79,61.38,35.93,17.96,46.33,82.34,30.76,37.19,81.5,26.69,17.02,67.62,91.69,96.17,37.27,62.93,94.93,76.61,48.3,5358.19,13.85,99.55,57.45,31.53,74.83,76.48,14.22,98.25,10.5,11.07,72.56,23.14,20.21,67.32,27.08,18.89,58.13,24.89,84.76,10.57,50.04,92.62,58.67,79.08,79.21,69.19,89.79,33.11,56.32,78.09,67.18,83.66,97.6
31.39,12.14,43.48,70.92,6.36,32.72,46.35,1.22,33.42,49.31,91.59,2.18,77.25,8.46,96.64,8.57,49.19,15.92,92.51,33.65,48.05,45.63,51.31,40.05,77.61,60.57,47.75,75.44,94.81,78.64,39.69,6.5,56.51,95.69,73.22,50.35,86.52,2.79,38.52,15.43,78.63,29.29,55.15,74.38,21.02,69.99,38.82,62.53,44.76,9.83,51.29,37.88,42.41,31.43,80.77,3.3,73.4,3.12,41.67,73.49,90.76,96.2,58.52,23.48,70.01,57.77,85.21,4834.06,50.1,92.96,53.16,3.49,28.81,51.28,20.36,99.77,32.43,16.15,29.46,35.41,8.29,31.18,81.67,72.2,53.84,14.58,40.11,34.4,29.1,59.38,54.2,38.63,39.19,43.24,92.99,3.77,37.76,48.37,29.2,65.04
54.89,55.63,72.78,38.54,70.02,94.4,20.02,87.69,77.49,59.65,60.3,52.22,38.2,8.35,65.61,77.58,0.2,29.51,48.75,77.18,44.14,54.68,64.99,20.95,54.64,3.68,93.85,22.2,74.28,44.57,89.65,86.72,37.04,80.29,90.87,8.07,89.57,60.88,49.25,0.33,28.41,63.12,70.38,14.97,38.31,8.32,85.51,61.43,0.72,26.48,82.78,96.66,7.67,35.48,59.24,87.6,66,87.13,17.78,28.27,17.48,32,5.5,22.12,10.58,51.55,35.83,47.47,4969.93,22.91,39.33,34.61,12.92,94.74,43.57,18.58,67.71,40.76,72,68.59,22.13,68.1,86.74,40.25,13.45,12.09,2.32,0.58,69.06,99.76,82.66,10.81,78.27,46.55,1.59,69.08,95.79,63.5,21.17,85.62
88.44,75.91,36.47,61.84,6.3,43.92,48.8,93.94,81.38,71.94,70.13,11.16,11.76,53.66,43.28,41.77,81.63,14.67,74.31,73.09,96.57,92.71,39.84,34.27,53.61,88.01,47.51,8.04,62.64,62.3,1.96,7.36,58.8,96.69,90.69,87.56,55.83,72.58,31.41,91.7,22.63,50.43,24.73,13.49,23.6,92.77,62.05,15.84,64.21,1.3,97.15,51.39,56.3,19.18,59.13,63.33,45.48,8.39,84.69,27.26,84.59,71.49,23.89,83.61,4.25,63.15,55.85,70.7,36.21,5361.38,48.38,32.1,87.32,99.59,15.09,46.29,30.96,34.89,19.43,73.15,51.27,43.29,62.09,64.37,9.32,20.78,62.68,85.93,87.22,34.24,5.95,67.13,40.4,89.83,57.38,64.42,53.86,47.59,74.32,48.7
86.62,26.42,61.16,65.95,84.12,77.76,76.23,78.59,52.95,27.71,32.51,82.43,21.74,19.26,61.87,13.84,59.32,88.92,72.37,1.11,6.59,81.49,72.82,66.18,44.38,84.85,72.5,32.14,97.82,62.25,27.43,54.43,7,22.67,39.49,61.67,2.76,46.04,34.71,25.92,5.1,11.2,56.94,66.85,52.61,65,21.13,28.92,22.02,9.96,64.69,11.18,78.58,27.4,40.28,93.54,81,89.52,76.06,76.47,46.14,57.26,91.49,33.03,80.25,48.79,94.32,90.2,99.88,13.71,5194.03,84.21,2.37,43.99,20.35,71.41,61.11,37.82,29.32,93.97,65.06,89.61,21.21,88,3.82,55.26,41.48,54.72,16.49,22.48,22.65,12.84,46.76,89.99,62.77,95.97,75.71,64.74,9.44,14.38
19.07,2.84,13.35,39.64,84.41,44.16,67.41,63.58,19.2,72.63,53.41,34.04,36.84,38.98,11.84,52.15,25.83,53.75,60.61,43.19,25.25,4.05,96.34,12.55,31.23,1.1,10.2,49,52.24,90.9,95.07,31.35,10.45,49.85,23.45,90.29,84.1,39.44,94.22,82.11,37.4,53.35,29.58,17.86,24.04,42.81,26.95,0.48,98.76,51.72,8.45,3.43,52.45,17.06,9.49,58.02,74.01,6.07,65.26,15.12,89.84,68.33,35.47,34.67,50.56,62.17,98.92,15.74,0.73,73.05,16.11,4248.8,23.2,38.64,11.92,1.71,97.64,15.76,21.49,54.3,1.18,63.79,98.72,51.14,3.15,40.35,44.99,61.06,17.44,73.66,32.63,44.71,71.97,9.07,91.94,36.46,65.6,53.47,26.06,35.09
66.47,40.67,9.57,3.81,93.68,6.92,44.83,51.76,3.63,17.65,62.65,36.76,81.54,34.12,86.75,54.67,33.24,89.75,14.53,41.63,96.98,71.33,84.34,29.94,82.14,19.59,48.59,77.14,22.47,99.97,66.42,44.09,20.07,32.53,81.83,80.96,54.88,30.53,1.75,75.93,19.3,44.92,45.62,85.24,37.45,58.25,42.48,87.7,56.56,80.57,74.55,34.99,97.53,1.23,82.03,11.19,12.98,86.92,70.51,80.95,26.86,15.27,68.42,53.85,82.72,28.02,91.71,45.74,37.68,71.51,49.72,10.83,5231.41,78.33,77.6,41.42,83.3,32.8,25.97,14.4,75.11,37.75,46.88,35.18,69.07,80.17,79.44,71.74,89.41,69.98,67.59,35.78,39.12,1.53,40.41,54.01,1.31,90.07,60.67,7.76
14.13,61.93,67.24,64.66,66.3,51.05,74.92,43.02,8.63,22.74,23.7,37.56,77.13,21.32,32.77,75.2,21.87,62.43,86.45,64.07,49.21,88.48,58.49,17.12,86.86,14.57,60.75,65.76,96.7,53.43,79.32,38.86,5.73,50.81,70.04,90.33,75.58,18.82,55.97,93.93,87.36,62.24,27.59,40.64,59.67,38.29,1.67,94.14,76.64,16.94,82.98,37,89.74,47.54,60.51,70.61,83.11,40.32,78.9,98.97,92.97,99.25,1.58,42.19,12.24,57.61,88.47,49.11,33.72,35.57,64.89,7.81,57.37,5460.22,1.94,70.34,83.93,36.67,32.15,63.78,53.39,28.3,31.66,77.69,5.66,78.31,52.38,48.47,52.19,61.81,82.93,55.89,75.15,36.04,18,4.74,97.39,74.49,21.9,34.8
57.4,42.82,31.86,50.89,17.21,68.93,65.13,78.41,45.67,62.89,71.99,29.15,38.96,72.04,92.64,50.6,61.95,77.41,32.17,6.58,58.84,11.58,7.85,72.75,74.96,30.36,6.37,29.24,38.14,80.83,10.63,57.67,51.73,35.4,35.79,17.4,96.21,97.74,63.22,86.91,54.6,36.51,93.73,29.4,76.34,25.37,8.19,35.8,56.86,72.43,32.11,36.96,9.29,34.38,42.5,40.97,68.96,82.19,41.52,66.75,87.61,59.81,23.59,53.81,26.64,52.81,57.14,75.95,17.94,17.76,53.68,25.57,8.77,4.28,4989.74,72.65,91.81,9.45,29.66,30.9,83.2,5.94,86.59,63.29,9.95,15.88,93.15,64.45,95.71,78.97,64.76,55.98,95.61,96.95,29.12,31.04,29.74,97.06,45.03,35.03
50.37,2.88,54.13,51.21,26.31,74.62,70.76,83.14,64.65,52.07,23.01,11.33,96.14,89.69,56.18,79.9,85.36,26.92,75.79,66.54,14.7,87.8,69.23,9.47,36.97,98.63,14.8,46.85,21.78,65.68,16.84,9.68,1.07,88.53,54.52,59.33,57.03,97.16,45.93,49.8,60.97,14.55,52.73,70.98,37.55,9.54,69.53,44.86,27.34,37.39,20.34,7.63,56.15,60.13,6.49,27.42,9.87,77.35,61.83,96.06,81.99,11.56,62.8,31.03,86,37.35,3.52,82.63,78.91,38.38,13.05,62.13,22.04,8.24,11.97,4862.1,55.38,35.22,96.32,27.48,42.35,93.66,5.77,99.48,58.77,57.98,3.36,15.1,83.55,80.71,8.16,1.38,23.77,18.47,84.18,90.95,64.12,64.17,50.75,17.05
97.13,1.49,67.51,45.53,5.19,71.79,84.97,83.96,29.76,63.62,53.69,48.08,92.29,58.71,1.82,97.96,90.77,35.29,17.36,54.61,94.53,29.19,4.86,64.49,90.96,24.54,64.62,81.72,20.23,6.33,55.47,98.36,16.66,61.94,56.19,27.69,11.46,86.9,69.21,20.85,45.84,83.44,50.33,19.21,19.68,34.47,87.47,16.45,76.83,75.52,73.14,26.46,36.39,96.1,3.87,94.92,95.75,31.64,77.15,81.14,94.9,5.93,89.26,40.82,39.26,48.52,72.35,15.8,8.9,52.06,42.46,33.47,35.24,30.92,90.74,21.51,5056.1,30.5,97.75,35.92,68.35,5.3,81.1,8.49,78.4,59.18,16.32,8.36,36.35,83.37,23.73,4.69,73.55,35.56,44.06,39.83,5.34,14.41,81.19,32.62
45.07,90.13,66.97,2.58,76.92,88.61,98.8,70.41,71.89,94.37,20.62,60.26,41.91,88.77,60.33,19.02,97.43,68.45,30.43,32.64,24.93,75.83,73.23,57.16,17.98,75.54,87.79,79.77,6.53,35.11,91.5,82.52,13.22,57.95,91.38,30.54,67.15,87.27,67,8.33,91.13,92.93,43.78,43.05,89.03,62.82,2.5,79.19,4.59,90.82,71.92,60.9,47.3,54.86,15.61,66.87,80.24,12.27,47.15,36.37,60.93,8.8,17.17,20.43,59.16,63.67,63.84,22.31,23.39,14.15,66.72,18.46,86.38,70.23,12.25,10.22,5.78,5168.04,84.92,73.68,33.46,21.01,9.38,89.91,88.23,15.28,16.62,88.79,79.33,23.67,77.78,7.01,79.57,84.99,18.57,27.09,24.37,34.76,27.95,28.01
84.23,31.06,47.31,33,51.15,72.7,92.52,29.72,95.3,93.41,8.08,24.57,38.08,40.63,3.56,40.29,76.07,35.51,74.89,35.7,91.67,42.66,21.41,13.58,37.72,68.91,49.06,86.08,66.71,52.36,57.89,43.77,25.07,24.01,50.76,27.56,79.55,90,30.88,72.66,66.95,22.69,13.61,37.15,21.26,30.95,49.1,28.8,13.36,90.06,16.8,30.82,49.73,18.21,4.3,47.32,30.24,19.48,2.02,58.63,29.45,53.83,2.07,96.52,91.95,21.48,56.08,62.45,66.55,10.8,60.31,40.46,18.34,0.34,3.27,21.82,45.46,73.31,4434.17,8.51,20.94,49.2,21.56,20.33,77.17,21.46,7.62,82.58,74.33,55.29,33.39,2.52,93.07,8,34.34,91.82,0.59,59.48,78.82,0.43
47.4,38.57,21.05,48.07,41.23,94.88,62.49,42.51,88.88,97.14,13.82,27.37,22.55,42.87,19.13,41.41,76.26,73.17,99.68,22.41,48.02,25.36,49.32,28.32,27.35,28.09,36.83,56.21,46.07,43.83,10.48,46.19,35.27,26.35,32.79,52.6,64.26,56.85,75.41,61.01,99.35,35.12,22.17,49.89,48.65,28.25,43.06,65.19,55.88,52.23,0.08,46.05,21.7,18.73,26.88,17.79,69.03,32.98,30.23,93.42,16.71,79.6,44.21,44.47,13.75,11.62,50.4,94.76,38.3,39.21,51.69,84.95,43.15,69.63,33.38,95.13,59.7,12.74,75.68,4621.05,24.25,21.83,80.46,21.06,36.99,76.62,95.39,99.1,49.15,20.04,35.63,15.64,39.79,9.92,72.88,28.17,26.38,85.42,37.66,13.51
3.37,39.18,69.43,99.61,2.31,58.08,83.09,33.19,44.41,58.99,82.82,59.96,73.83,71.29,16.88,15.53,67.76,67.8,50.63,6.11,4.16,25.43,82.06,74.56,93.35,11.38,76.94,16.4,89.49,67.09,53.09,3.97,91.63,70.49,28.67,25.15,23.98,73.86,87.02,7.23,29.61,57.88,38.21,27.79,42.16,36.31,12.03,89.92,12.94,85.79,76.74,58.56,61.07,44.73,91.72,2.93,80.27,55.17,54.44,70.71,94.58,42.68,68.57,85.12,71.18,83.69,72.69,7.31,44.59,6.26,13.11,13.34,14.45,91.26,38.73,97.48,10.53,69.37,25.95,99.64,5490.29,19.42,97.26,98.94,70.6,66.37,13.15,9.75,41,71.15,96.89,80.33,75.56,94.43,82.9,46.81,12.64,66.81,71.31,96.54
93.17,14.83,88.14,97.58,44.64,76.58,97.11,90.71,10.06,60.76,10.08,75.8,46.78,57.85,16.65,65.03,16.85,69.44,16.58,7.73,61.69,27.3,9.43,65.7,34.97,7.6,0.98,58.83,97.97,8.88,77.65,35.84,88.29,97.66,38.65,66.67,78.85,0.01,32.49,49.04,15.41,86.64,7.32,48.72,77.52,59,98.61,37.8,37.83,23.84,99.69,44.66,0.56,24.66,36.01,74.06,4.21,6.48,20.79,81.82,13.31,62.9,92.33,66.39,17.31,80.44,90.66,21.75,77.03,49.49,39.72,22.83,42.78,93.75,64.3,4.54,27.91,7.89,12.67,52.54,99.04,5041.13,59.6,40.99,24.85,64.31,78.84,88.52,75.29,8.82,49.97,91.66,82.51,31.99,29.09,85.01,23.25,53.82,93.11,90.26
61.21,18.61,33.55,70,42.49,90.73,28.49,49.87,0.3,41.96,49.23,87.29,87.96,28.47,18.16,45.14,65.42,33.14,88.28,91.87,40.85,9.94,58.28,54.76,83.33,9.86,36.64,81.98,35.91,80.55,6.03,93.55,89.64,13.9,81.11,16.44,72.25,1.56,68.58,79.14,21.69,9.37,78.7,99.38,6.27,42.91,0.41,37.84,65.09,29.08,41.07,64.63,1.76,13.55,3.08,25.84,2.05,5.31,9.51,1.77,68.19,84.6,39.45,75.5,39.97,66.77,99.05,19.27,80.81,27.25,31.4,32.24,37.96,74.16,78.95,94.39,25.04,64.09,42.75,86.98,21.12,56.03,4618.43,63.56,33.06,51.61,23.49,12.15,10.05,86.02,62.36,11.68,62.91,11.29,49.57,1.7,92.02,25.56,10.25,28.28
71.09,74.09,75.63,12.53,98.66,92.37,78.79,71.6,14.91,54.37,13.83,71.8,39.92,51.66,14.48,95.88,68.17,10.55,27.36,63.65,17.19,21.47,92.55,19.45,99.21,53.42,31.67,72.53,28.33,81.88,68.69,55.56,3.61,87.63,98.87,53.73,83.88,97.5,54.24,74.66,90.35,25.16,0.88,97.04,91.52,9.97,4.8,98.62,15.17,78.71,36.7,94.21,62.99,98.23,83.12,86.89,4.94,5.36,41.58,95.24,11.34,55.9,66.84,75.24,61.13,88.34,32.08,71.75,69.31,33.59,18.23,59.47,76.3,15.03,60.69,34.06,87.76,68.09,84.33,43.14,89.06,53.11,82.79,5632.64,32.99,0.36,86.01,87.28,82.38,35.26,4.57,38.12,76.37,83.07,44.81,74.36,20.68,72.17,37.41,54.19
7.98,17.77,73.16,88.02,38.83,71.87,97.46,63.4,72.86,35.42,16.92,50.22,77.64,16.54,59.76,31.01,96.01,64.6,55.92,98.77,53.24,33.08,6.13,70.25,56.64,10.64,45.3,45.91,16.93,23.3,8.23,5.29,43.22,33.28,25.06,64.78,87.93,61.62,12.7,15.69,26.41,96.62,72.16,10.14,66.43,5.89,79.69,29.06,33.96,27.92,48.51,55.06,19.38,26.44,58.53,54.75,64.77,1.86,24.16,87.46,57.78,88.45,66.23,16.46,0.99,54.55,29.95,37.47,33.68,89.02,57.82,95.6,68.53,69.36,71.38,28.66,8.47,43.74,21.68,55.27,34.95,1.78,15.13,79.24,4639.52,34.87,43.5,9.74,51.08,64.9,41.8,59.02,70.36,76.54,0.39,45.58,74.75,74.19,87.91,0.44
53.59,73.53,45.49,84.84,40.8,82.33,33.09,58.85,17.54,90.09,76.2,94.09,1.17,60.08,28.73,10.47,14.09,78.38,62.27,84.55,51.62,81.45,18.81,1.03,56.04,19.17,76.14,61.12,9.4,80.22,68.67,76.86,41.15,6.89,94.68,95.78,42.28,91.03,19.78,46.72,54.71,17.22,88.98,9.93,73.92,90.5,22.38,63.34,43.03,96.12,17.26,46.97,91.47,44.53,0.12,7.77,72.15,41.17,51.86,45.82,2.35,23.76,33.92,61.68,41.75,97.57,90.63,93.98,98.07,78.5,55.57,51.56,63.24,8.94,93.63,87.41,88.66,79.82,7.52,36.72,24.39,84.14,33.15,30.78,35.04,5245.85,27.54,77.73,99.83,60.11,22.46,90.57,70.58,67.94,46.83,14.07,6.39,61.25,11.8,56.38
36.2,51.1,57.12,4.18,67.87,1.2,61.59,57.9,20.69,21.36,26.36,42.7,84.72,10.94,19.93,0.37,76.12,3.33,59.09,29.57,62.41,97.17,63.91,52.05,11.66,83.02,73.46,60.09,43.58,28.29,7.88,4.85,91.75,51.36,59.51,13.93,78.36,26.34,28.22,38.42,19.14,98.74,18.01,8.37,81.94,14.69,24.91,47.13,90.47,31.98,87.88,24.13,66.01,8.5,28.9,2.09,48.96,84.61,93.34,48.28,57.07,78.12,33.93,19.9,45.17,97.38,83.76,99.09,32.54,60.23,69.28,41.93,69.18,84.15,33.36,5.09,67.05,77.5,16.99,63.2,15.66,15.56,75.86,29.92,51.54,61.45,4804.4,2.62,96.65,2.42,45.36,83.87,79.22,86.2,42.39,35.97,33.66,91.77,96.04,34.84
6.16,44.7,41.2,65.32,8.85,4.38,9.99,85.27,17.08,29.39,22.45,58.95,40.91,46.67,18.7,36.6,97.4,1.63,83.58,42.73,0.15,97.95,7.1,48.17,5.59,92.85,26.08,55.23,81.23,79.88,89.24,85.02,76.68,40.19,19.32,7.78,35.33,47.84,21.22,10.69,15.7,67.89,45.39,74.45,70.67,66.29,52.03,8.61,94.27,98.24,17.53,99.56,56.11,65.27,39.71,35.1,62.66,99.42,27.21,31.42,55.19,8.83,25.23,40.18,33.56,58.54,42.12,92.61,12.44,86.18,15.86,57.47,14.79,47.37,60.37,11.39,80.3,24.03,87.25,3.2,80.36,86.95,57.8,11.37,21.92,98.01,85.08,4932.99,69.61,59.97,29.98,0.47,88.93,12.88,72.34,73.08,7.25,77.45,99.6,98.58
76.16,65.25,14.85,99.02,44.03,83.08,78.57,50.26,18.78,33.77,55.28,53.44,71.63,2.68,60.66,40.69,51.78,96.37,16.06,23.52,64.51,58.98,60.94,94.41,50.61,5.02,46.24,96.84,47.85,64.22,55.11,65.51,54.06,12.6,55.64,36.98,35.02,50.32,42.13,55.74,79.43,3.99,97.61,28.55,99.9,60.38,63.74,82.48,94.99,98.31,43.46,99.73,58.24,9.39,31,70.8,71.14,87.03,46.02,20.19,92.06,92.08,95.44,34.26,3.75,64.04,90.67,35.34,47.57,67.61,20.72,86.8,14.76,12.3,82.1,2.94,3.89,12.19,46.89,75.89,24.32,39.8,84.13,39.96,47.2,92.83,46.8,73.26,5469.15,25.99,80.89,32.9,1.92,67.85,55.37,97.79,25.01,78.54,58.21,2.21
35.2,34.59,91.07,88.95,14.62,33.97,96.26,37.37,66.57,53.91,47.03,56.2,43,93.02,79.51,32.19,88.57,27.51,26.28,60.58,56.31,46.69,34.46,79.93,59.36,52.27,89.89,49.91,32.42,48.62,3.45,91.8,21.33,31.84,81.9,23.65,68.9,24.8,58.73,13.95,6.18,3.29,89.2,60.25,84.94,60.43,46.16,79.52,7.29,84.46,35.53,41.47,81.08,69.72,93.05,21.91,98.67,53.6,43.32,56.47,18.72,40.87,5.4,54.69,24.05,50.68,16.68,86.14,52.64,68.15,91.18,24.52,21.4,92.89,49.26,88.4,33.69,31.79,44.65,29.78,9.08,16.39,39.53,85.31,71.1,27.05,24.71,49.68,24.26,5264.83,97.3,78.52,48.16,71.5,83.94,92.66,23.27,12.16,36.8,79.68
1.02,61.97,56.33,8.03,59.54,62.57,24.79,95.53,95.67,50.98,99.34,90.65,60.83,46.75,19.79,95.94,96.45,22.24,67.2,44.39,89.14,33.74,45.54,2.65,19.7,69.6,78.75,41.9,31.19,68.43,29.8,4.08,42.56,39.37,28.5,44.32,49.83,46.77,28.18,48.97,84.98,95.26,74,60,11.67,86.65,17.29,44.19,10.59,41.89,45.87,69.4,57.35,35.69,48.26,67.66,48.1,69.34,79.45,57.28,73.39,82.81,83.47,23.03,25.09,95.58,1.83,12.58,14.54,68.32,27.02,41.27,14.56,92.53,27.66,77.26,39.23,44.37,88.91,50.66,18.51,14.46,41.01,0.93,73.93,71.68,64.61,46.62,44.8,85.99,5138.22,28.56,47.43,50.44,87.51,53.31,72.48,27.44,11.06,73.59
63.08,50.93,68.44,99.45,24.55,71.56,96.49,40.31,64.57,52.97,37.51,93.83,50.48,49.22,73.2,65.77,61.96,59.69,81.07,84.53,5.26,68.18,38.84,52.58,33.76,41.02,81.24,55.22,53.15,2.24,95.49,92.39,79.75,79.65,7.68,28.68,72.76,72.21,53.12,30.94,47.19,31.58,65.52,98.71,95.91,72.01,32.56,43.6,93.51,5.63,64.97,31.38,59.74,70.16,84.9,29.02,21.86,36.44,45.04,60.35,61.36,52.86,56.02,70.64,56.62,36.93,38.51,1.12,78.05,92.86,4.65,53.04,41.16,72.87,97.25,37.69,97.73,33.89,57.42,85.87,41.43,3.76,62.59,28.69,63.39,97.27,97.83,29.93,86.3,79.36,18.59,5504.38,3.04,30.91,3.5,67.79,4.15,63.81,89.71,58.38
74.02,52.94,19.71,6.83,58.37,88.42,74.91,79.91,56.37,3.39,26.68,9.33,20.87,4.11,41.79,33.63,87.82,54.83,65.79,29.47,33.34,14.82,44.27,38.07,55.33,65.74,39.73,90.16,12.07,18.98,61.35,43.75,83.41,92.01,63.87,15.24,96.02,79.4,28.99,2.39,77.46,91.08,97.37,21.2,71.47,65.07,97.03,53,5.16,16.82,26.98,19.84,67.26,82.15,67.81,87.67,34.96,1.26,70.26,13.04,63.94,29.36,17.32,23.41,6.19,48.88,78.02,60.6,7.11,63.95,79.99,50.19,49.78,72.11,18.97,98.95,7.35,43.36,9.85,77.66,93.79,51.71,59.2,79.84,27.65,64.19,73.25,51.07,50.99,40.21,56.42,16.97,5012.15,97.8,61.04,11.36,10.19,61.28,91.24,98.48
93.2,67.96,68.16,35.54,63.28,3.14,0.65,53.2,51.49,45.32,34.01,83.98,37.54,5.74,6.32,55.67,5.91,86.17,6.86,59.88,13.07,41.13,61.72,0.91,93.13,16.21,46.58,92.81,43.61,93.26,23.21,0.71,15.14,1.28,14.25,28.46,34.41,60.79,45.19,95.03,21.58,2.67,81.7,10.26,91.43,30.06,63.04,34.77,1.16,52.35,99.71,36.22,90.8,74.37,52.31,25.53,40.24,83.85,97.52,13.64,82.28,23.79,66.33,7.05,1.37,70.4,13.47,26.58,96.56,78.07,85.54,73.06,43.27,4.51,36.24,73.1,7.13,88.76,43.2,30.72,32.41,44.15,32.61,80.15,19.81,59.46,33.64,22.9,9.63,46.3,86.6,62.75,37.13,4546.5,64.98,22.94,29.73,40.27,77.56,75.14
94.56,86.29,42.32,98.04,81.76,44.44,92.92,67.25,29.35,47.97,43.11,7.07,59.99,73.84,39.48,97.99,22.58,92.94,64.55,3.25,83.75,39.81,63.9,66.9,56.61,22.21,32.07,52.48,69.66,41.6,94.61,31.24,50.39,86.34,9.52,24.87,80.11,67.53,41.25,47.21,55.18,73.19,95.73,33.83,49.36,12.5,98.6,53.26,78.49,6.15,81.75,65.96,20.61,16.05,87.53,74.18,73.75,10.52,6.38,70.19,59.62,63.27,1.65,86.27,27.45,49.47,91.96,46.15,18.94,40.98,92.19,76.84,6.69,36,53.33,39.41,22.97,90.75,44.63,33.2,3.72,77.07,56.24,92.59,29.16,0.84,91.11,81.3,91.92,45.66,97.86,70.44,85,20.8,5610.96,18.04,66.5,96.4,89.19,84.36
83.29,2.73,15.42,4.76,99.15,54.45,17.5,18.91,95.47,99.39,24.83,26.83,44.88,34.79,3.18,56.55,15.87,19.51,94.84,26,50.29,77.91,1.87,79.64,86.48,6.02,2.27,83.15,72.93,94.96,17.49,99.2,56.97,43.09,37.34,19.83,28.59,30.48,79.59,29.55,85.15,70.33,13,63.96,19.44,69.27,48.5,84.45,67.63,37.08,93.22,6.23,42.45,37.36,89.95,53.54,2.89,4.42,76.78,30.7,55.07,36.63,45.98,6.99,48.9,98.15,20.3,7.26,81.51,77.27,44.31,0.66,13.77,16.43,88.89,26.13,96.3,87.24,55.6,97.41,29.75,50.27,80.91,61.92,10.23,20.45,9.05,49.93,57.91,31.82,84.91,84.11,29.7,41.66,27.55,4817.21,23.06,27.22,92.1,95.19
34.48,21.07,32.35,65.84,56.76,15.9,63.02,90.62,5.53,53.64,31.61,26.43,69.24,27.78,62.98,95.38,54.08,77.34,31.73,53.74,69.15,69.01,95.23,27.7,25.27,60.7,3.22,71.84,39.04,21.38,40.78,98.56,93.01,11.11,83.19,16.12,0.35,90.85,24.62,23.58,61.76,39.95,50.72,91.36,58.88,37.99,69.41,27.12,70.03,77.38,13.72,48.71,86.63,40,3.02,11.13,81.87,37.79,59.31,45.16,1.21,47.05,51.93,89.8,57.3,99.12,12,65.17,88.35,16.63,62.47,79.61,54.33,5.83,33.73,35.46,93.21,32.44,36.42,2.53,52.75,92.18,44.46,77.12,82.61,69.79,1.66,36.9,96.71,92.68,45.34,79.31,27.01,25.13,51.38,78.01,5142.79,51.77,78,40.26
18.33,67.04,26.56,21.89,5.42,84.32,39.68,84.71,58.3,9.61,57.11,5.23,50.62,25.62,71.53,64.86,55.2,77.57,57.96,23.9,37.44,99.94,52.16,18.26,82.49,19.65,99.01,58.93,28.72,34.19,85.38,77.85,99.78,90.02,65.01,31.32,94.05,8.93,89.15,32.68,37.91,81.91,27.89,44.36,9.71,75.87,74.8,96.08,68.72,7.55,66.46,86.26,30.39,80.08,95.2,41.74,45.45,61.82,89.01,73.52,20.73,27.9,39.09,30.83,78.25,93.74,22.03,78.68,56.48,89.32,72.91,80.49,32.38,48.64,3.69,83.16,82.55,30.28,78.96,64.53,98.96,30.55,85.84,70.99,67.92,14.77,28.62,97.65,57.54,63.17,94.03,59.85,52.63,90.37,17.27,29.68,1.29,5608.97,45.23,39.52
44.55,26.73,2.81,74.65,83.65,35.21,31.77,96.99,67.1,90.25,14.03,63.31,57.17,87.42,47.72,32.48,25.58,13.03,19.72,56.49,71.2,72.85,80.28,90.61,69.92,80.41,67.28,8.87,46.41,79.06,63.75,47.96,78.77,53.05,48.55,59.4,90.41,33.75,4.2,91.58,30.1,76.52,54.5,82.57,50.16,40.37,23.12,56.81,84.78,25.82,15.89,20.9,55.01,96.59,98.47,54.81,73.88,81.64,58.22,28.14,84.57,72.57,56.07,16,39.35,22.95,70.12,50.45,85.6,18.3,11.28,21.63,7.69,85.91,78.86,18.88,56.39,65.72,88.5,5.18,79.16,5.98,69.56,93.46,18.69,74.82,37.77,31.22,28.88,74.44,63.36,30.41,64.18,22.79,65.93,98.55,76.93,49.88,5315.62,3.58
8.12,16.55,12.69,56.88,3.65,41.53,22.8,53.65,37.09,84.04,95.43,77.24,91.44,67.38,3.09,11.85,80.43,14,9.8,25.17,42.57,98.09,61.24,68.55,70.18,29.88,71.26,32.3,74.25,20.57,58.29,8.6,70.31,8.65,28.71,4.83,62.51,69.58,25.41,85.03,8.58,48.87,3.34,37.94,53.34,6.56,7.61,47.91,50.47,3.53,84.89,74.77,37.7,78.99,22.98,22.71,47.44,63.43,89.09,4.92,88.67,46.66,80.56,44.4,15.68,6.25,83.31,56.96,54.47,91.2,36.14,59.05,97.89,91.31,7.7,93.99,43.54,51.81,56.69,65.86,72.99,89.87,38.95,83.38,98.26,19.35,7.43,81.2,22.82,23.61,37.87,39.74,85.04,67.02,33.52,92.04,41.65,40.72,18.17,4874.38
